[{"model": "auth.permission", "pk": 1, "fields": {"name": "Can add log entry", "content_type": 1, "codename": "add_logentry"}}, {"model": "auth.permission", "pk": 2, "fields": {"name": "Can change log entry", "content_type": 1, "codename": "change_logentry"}}, {"model": "auth.permission", "pk": 3, "fields": {"name": "Can delete log entry", "content_type": 1, "codename": "delete_logentry"}}, {"model": "auth.permission", "pk": 4, "fields": {"name": "Can view log entry", "content_type": 1, "codename": "view_logentry"}}, {"model": "auth.permission", "pk": 5, "fields": {"name": "Can add permission", "content_type": 3, "codename": "add_permission"}}, {"model": "auth.permission", "pk": 6, "fields": {"name": "Can change permission", "content_type": 3, "codename": "change_permission"}}, {"model": "auth.permission", "pk": 7, "fields": {"name": "Can delete permission", "content_type": 3, "codename": "delete_permission"}}, {"model": "auth.permission", "pk": 8, "fields": {"name": "Can view permission", "content_type": 3, "codename": "view_permission"}}, {"model": "auth.permission", "pk": 9, "fields": {"name": "Can add group", "content_type": 2, "codename": "add_group"}}, {"model": "auth.permission", "pk": 10, "fields": {"name": "Can change group", "content_type": 2, "codename": "change_group"}}, {"model": "auth.permission", "pk": 11, "fields": {"name": "Can delete group", "content_type": 2, "codename": "delete_group"}}, {"model": "auth.permission", "pk": 12, "fields": {"name": "Can view group", "content_type": 2, "codename": "view_group"}}, {"model": "auth.permission", "pk": 13, "fields": {"name": "Can add user", "content_type": 4, "codename": "add_user"}}, {"model": "auth.permission", "pk": 14, "fields": {"name": "Can change user", "content_type": 4, "codename": "change_user"}}, {"model": "auth.permission", "pk": 15, "fields": {"name": "Can delete user", "content_type": 4, "codename": "delete_user"}}, {"model": "auth.permission", "pk": 16, "fields": {"name": "Can view user", "content_type": 4, "codename": "view_user"}}, {"model": "auth.permission", "pk": 17, "fields": {"name": "Can add content type", "content_type": 5, "codename": "add_contenttype"}}, {"model": "auth.permission", "pk": 18, "fields": {"name": "Can change content type", "content_type": 5, "codename": "change_contenttype"}}, {"model": "auth.permission", "pk": 19, "fields": {"name": "Can delete content type", "content_type": 5, "codename": "delete_contenttype"}}, {"model": "auth.permission", "pk": 20, "fields": {"name": "Can view content type", "content_type": 5, "codename": "view_contenttype"}}, {"model": "auth.permission", "pk": 21, "fields": {"name": "Can add session", "content_type": 6, "codename": "add_session"}}, {"model": "auth.permission", "pk": 22, "fields": {"name": "Can change session", "content_type": 6, "codename": "change_session"}}, {"model": "auth.permission", "pk": 23, "fields": {"name": "Can delete session", "content_type": 6, "codename": "delete_session"}}, {"model": "auth.permission", "pk": 24, "fields": {"name": "Can view session", "content_type": 6, "codename": "view_session"}}, {"model": "auth.permission", "pk": 25, "fields": {"name": "Can add contact", "content_type": 10, "codename": "add_contact"}}, {"model": "auth.permission", "pk": 26, "fields": {"name": "Can change contact", "content_type": 10, "codename": "change_contact"}}, {"model": "auth.permission", "pk": 27, "fields": {"name": "Can delete contact", "content_type": 10, "codename": "delete_contact"}}, {"model": "auth.permission", "pk": 28, "fields": {"name": "Can view contact", "content_type": 10, "codename": "view_contact"}}, {"model": "auth.permission", "pk": 29, "fields": {"name": "Can add category", "content_type": 9, "codename": "add_category"}}, {"model": "auth.permission", "pk": 30, "fields": {"name": "Can change category", "content_type": 9, "codename": "change_category"}}, {"model": "auth.permission", "pk": 31, "fields": {"name": "Can delete category", "content_type": 9, "codename": "delete_category"}}, {"model": "auth.permission", "pk": 32, "fields": {"name": "Can view category", "content_type": 9, "codename": "view_category"}}, {"model": "auth.permission", "pk": 33, "fields": {"name": "Can add cart", "content_type": 7, "codename": "add_cart"}}, {"model": "auth.permission", "pk": 34, "fields": {"name": "Can change cart", "content_type": 7, "codename": "change_cart"}}, {"model": "auth.permission", "pk": 35, "fields": {"name": "Can delete cart", "content_type": 7, "codename": "delete_cart"}}, {"model": "auth.permission", "pk": 36, "fields": {"name": "Can view cart", "content_type": 7, "codename": "view_cart"}}, {"model": "auth.permission", "pk": 37, "fields": {"name": "Can add order", "content_type": 11, "codename": "add_order"}}, {"model": "auth.permission", "pk": 38, "fields": {"name": "Can change order", "content_type": 11, "codename": "change_order"}}, {"model": "auth.permission", "pk": 39, "fields": {"name": "Can delete order", "content_type": 11, "codename": "delete_order"}}, {"model": "auth.permission", "pk": 40, "fields": {"name": "Can view order", "content_type": 11, "codename": "view_order"}}, {"model": "auth.permission", "pk": 41, "fields": {"name": "Can add product", "content_type": 13, "codename": "add_product"}}, {"model": "auth.permission", "pk": 42, "fields": {"name": "Can change product", "content_type": 13, "codename": "change_product"}}, {"model": "auth.permission", "pk": 43, "fields": {"name": "Can delete product", "content_type": 13, "codename": "delete_product"}}, {"model": "auth.permission", "pk": 44, "fields": {"name": "Can view product", "content_type": 13, "codename": "view_product"}}, {"model": "auth.permission", "pk": 45, "fields": {"name": "Can add order item", "content_type": 12, "codename": "add_orderitem"}}, {"model": "auth.permission", "pk": 46, "fields": {"name": "Can change order item", "content_type": 12, "codename": "change_orderitem"}}, {"model": "auth.permission", "pk": 47, "fields": {"name": "Can delete order item", "content_type": 12, "codename": "delete_orderitem"}}, {"model": "auth.permission", "pk": 48, "fields": {"name": "Can view order item", "content_type": 12, "codename": "view_orderitem"}}, {"model": "auth.permission", "pk": 49, "fields": {"name": "Can add cart item", "content_type": 8, "codename": "add_cartitem"}}, {"model": "auth.permission", "pk": 50, "fields": {"name": "Can change cart item", "content_type": 8, "codename": "change_cartitem"}}, {"model": "auth.permission", "pk": 51, "fields": {"name": "Can delete cart item", "content_type": 8, "codename": "delete_cartitem"}}, {"model": "auth.permission", "pk": 52, "fields": {"name": "Can view cart item", "content_type": 8, "codename": "view_cartitem"}}, {"model": "auth.permission", "pk": 53, "fields": {"name": "Can add product specification", "content_type": 14, "codename": "add_productspecification"}}, {"model": "auth.permission", "pk": 54, "fields": {"name": "Can change product specification", "content_type": 14, "codename": "change_productspecification"}}, {"model": "auth.permission", "pk": 55, "fields": {"name": "Can delete product specification", "content_type": 14, "codename": "delete_productspecification"}}, {"model": "auth.permission", "pk": 56, "fields": {"name": "Can view product specification", "content_type": 14, "codename": "view_productspecification"}}, {"model": "auth.user", "pk": 1, "fields": {"password": "pbkdf2_sha256$1200000$5BJQehWTvjX90ISwX7vGEn$gmT2TFtS0CQzKL6fIlaPyES5N/sthFP7DJbK6vMW7mU=", "last_login": null, "is_superuser": true, "username": "user", "first_name": "", "last_name": "", "email": "test@test.com", "is_staff": true, "is_active": true, "date_joined": "2025-12-30T17:12:11.474Z", "groups": [], "user_permissions": []}}, {"model": "contenttypes.contenttype", "pk": 1, "fields": {"app_label": "admin", "model": "logentry"}}, {"model": "contenttypes.contenttype", "pk": 2, "fields": {"app_label": "auth", "model": "group"}}, {"model": "contenttypes.contenttype", "pk": 3, "fields": {"app_label": "auth", "model": "permission"}}, {"model": "contenttypes.contenttype", "pk": 4, "fields": {"app_label": "auth", "model": "user"}}, {"model": "contenttypes.contenttype", "pk": 5, "fields": {"app_label": "contenttypes", "model": "contenttype"}}, {"model": "contenttypes.contenttype", "pk": 6, "fields": {"app_label": "sessions", "model": "session"}}, {"model": "contenttypes.contenttype", "pk": 7, "fields": {"app_label": "api", "model": "cart"}}, {"model": "contenttypes.contenttype", "pk": 8, "fields": {"app_label": "api", "model": "cartitem"}}, {"model": "contenttypes.contenttype", "pk": 9, "fields": {"app_label": "api", "model": "category"}}, {"model": "contenttypes.contenttype", "pk": 10, "fields": {"app_label": "api", "model": "contact"}}, {"model": "contenttypes.contenttype", "pk": 11, "fields": {"app_label": "api", "model": "order"}}, {"model": "contenttypes.contenttype", "pk": 12, "fields": {"app_label": "api", "model": "orderitem"}}, {"model": "contenttypes.contenttype", "pk": 13, "fields": {"app_label": "api", "model": "product"}}, {"model": "contenttypes.contenttype", "pk": 14, "fields": {"app_label": "api", "model": "productspecification"}}, {"model": "api.category", "pk": 1, "fields": {"name": "Кроссовки", "slug": "sneakers", "description": "Спортивная обувь для бега и тренировок", "created_at": "2025-12-30T17:12:35.418Z"}}, {"model": "api.category", "pk": 2, "fields": {"name": "Одежда", "slug": "clothing", "description": "Спортивная одежда и экипировка", "created_at": "2025-12-30T17:12:35.424Z"}}, {"model": "api.category", "pk": 3, "fields": {"name": "Снаряжение", "slug": "equipment", "description": "Спортивное снаряжение и инвентарь", "created_at": "2025-12-30T17:12:35.426Z"}}, {"model": "api.category", "pk": 4, "fields": {"name": "Аксессуары", "slug": "accessories", "description": "Спортивные аксессуары", "created_at": "2025-12-30T17:12:35.428Z"}}, {"model": "api.product", "pk": 1, "fields": {"name": "Кроссовки Nike Air Max 270", "slug": "nike-air-max-270", "description": "Легкие и удобные кроссовки Nike Air Max 270 с технологией Air для максимального комфорта при беге и повседневной носке. Идеально подходят для тренировок и активного образа жизни.", "price": "129.99", "image_url": "https://images.unsplash.com/photo-1542291026-7eec264c27ff?w=500", "category": 1, "in_stock": true, "created_at": "2025-12-30T17:12:35.438Z", "updated_at": "2025-12-30T17:12:35.438Z"}}, {"model": "api.product", "pk": 2, "fields": {"name": "Кроссовки Adidas Ultraboost 22", "slug": "adidas-ultraboost-22", "description": "Премиальные беговые кроссовки Adidas Ultraboost 22 с технологией Boost для отличной амортизации и энергоотдачи. Подходят для длительных пробежек и интенсивных тренировок.", "price": "149.99", "image_url": "https://images.unsplash.com/photo-1606107557195-0e29a4b5b4aa?w=500", "category": 1, "in_stock": true, "created_at": "2025-12-30T17:12:35.461Z", "updated_at": "2025-12-30T17:12:35.461Z"}}, {"model": "api.product", "pk": 3, "fields": {"name": "Спортивный костюм Nike Dri-FIT", "slug": "nike-dri-fit-suit", "description": "Спортивный костюм Nike Dri-FIT из влагоотводящей ткани. Обеспечивает комфорт и свободу движений во время тренировок. Идеален для бега, фитнеса и активного отдыха.", "price": "89.99", "image_url": "https://images.unsplash.com/photo-1551028719-00167b16eac5?w=500", "category": 2, "in_stock": true, "created_at": "2025-12-30T17:12:35.476Z", "updated_at": "2025-12-30T17:12:35.476Z"}}, {"model": "api.product", "pk": 4, "fields": {"name": "Футболка Adidas Climalite", "slug": "adidas-climalite-t-shirt", "description": "Спортивная футболка Adidas Climalite с технологией быстрого отвода влаги. Легкая и дышащая ткань обеспечивает комфорт во время интенсивных тренировок.", "price": "34.99", "image_url": "https://images.unsplash.com/photo-1521572163474-6864f9cf17ab?w=500", "category": 2, "in_stock": true, "created_at": "2025-12-30T17:12:35.521Z", "updated_at": "2025-12-30T17:12:35.521Z"}}, {"model": "api.product", "pk": 5, "fields": {"name": "Шорты Puma Training", "slug": "puma-training-shorts", "description": "Спортивные шорты Puma для тренировок. Легкие, эластичные, с карманами для мелочей. Идеальны для фитнеса, бега и активного отдыха.", "price": "39.99", "image_url": "https://images.unsplash.com/photo-1506629905607-1b0b0c0b0b0b?w=500", "category": 2, "in_stock": true, "created_at": "2025-12-30T17:12:35.537Z", "updated_at": "2025-12-30T17:12:35.537Z"}}, {"model": "api.product", "pk": 6, "fields": {"name": "Гантели разборные 2x20 кг", "slug": "dumbbells-2x20kg", "description": "Разборные гантели с набором блинов общим весом 2x20 кг. Хромированные грифы, прорезиненные блины. Идеально для домашних тренировок и тренажерного зала.", "price": "79.99", "image_url": "https://images.unsplash.com/photo-1571019613454-1cb2f99b2d8b?w=500", "category": 3, "in_stock": true, "created_at": "2025-12-30T17:12:35.579Z", "updated_at": "2025-12-30T17:12:35.579Z"}}, {"model": "api.product", "pk": 7, "fields": {"name": "Йога-мат Premium 10мм", "slug": "yoga-mat-premium-10mm", "description": "Профессиональный йога-мат толщиной 10 мм с антискользящим покрытием. Идеален для йоги, пилатеса и фитнеса. Легко сворачивается и переносится.", "price": "29.99", "image_url": "https://images.unsplash.com/photo-1506126613408-eca07ce68773?w=500", "category": 3, "in_stock": true, "created_at": "2025-12-30T17:12:35.685Z", "updated_at": "2025-12-30T17:12:35.685Z"}}, {"model": "api.product", "pk": 8, "fields": {"name": "Скакалка скоростная", "slug": "speed-jump-rope", "description": "Профессиональная скоростная скакалка с подшипниками для плавного вращения. Регулируемая длина. Идеальна для кардио-тренировок и кроссфита.", "price": "14.99", "image_url": "https://images.unsplash.com/photo-1517836357463-d25dfeac3438?w=500", "category": 3, "in_stock": true, "created_at": "2025-12-30T17:12:35.700Z", "updated_at": "2025-12-30T17:12:35.700Z"}}, {"model": "api.product", "pk": 9, "fields": {"name": "Спортивная сумка Nike Brasilia", "slug": "nike-brasilia-bag", "description": "Вместительная спортивная сумка Nike Brasilia с отделениями для обуви и влажных вещей. Удобные ручки и регулируемый ремень для переноски.", "price": "44.99", "image_url": "https://images.unsplash.com/photo-1553062407-98eeb64c6a62?w=500", "category": 4, "in_stock": true, "created_at": "2025-12-30T17:12:35.772Z", "updated_at": "2025-12-30T17:12:35.772Z"}}, {"model": "api.product", "pk": 10, "fields": {"name": "Бутылка для воды 750 мл", "slug": "water-bottle-750ml", "description": "Спортивная бутылка для воды объемом 750 мл из безопасного пластика. Удобная крышка с клапаном, легко моется. Идеальна для тренировок и активного образа жизни.", "price": "9.99", "image_url": "https://images.unsplash.com/photo-1602143407151-7111542de6e8?w=500", "category": 4, "in_stock": true, "created_at": "2025-12-30T17:12:35.906Z", "updated_at": "2025-12-30T17:12:35.906Z"}}, {"model": "api.product", "pk": 11, "fields": {"name": "Фитнес-браслет Xiaomi Mi Band 7", "slug": "xiaomi-mi-band-7", "description": "Умный фитнес-браслет с мониторингом пульса, шагов, калорий и сна. Водонепроницаемый, с цветным дисплеем. Работает до 14 дней без подзарядки.", "price": "49.99", "image_url": "https://images.unsplash.com/photo-1579586337278-3befd40fd17a?w=500", "category": 4, "in_stock": true, "created_at": "2025-12-30T17:12:35.917Z", "updated_at": "2025-12-30T17:12:35.917Z"}}, {"model": "api.product", "pk": 12, "fields": {"name": "Кроссовки New Balance 574", "slug": "new-balance-574", "description": "Классические кроссовки New Balance 574 с энкаустической подошвой. Удобные и стильные, подходят для повседневной носки и легких тренировок.", "price": "99.99", "image_url": "https://images.unsplash.com/photo-1549298916-b41d501d3772?w=500", "category": 1, "in_stock": true, "created_at": "2025-12-30T17:12:36.018Z", "updated_at": "2025-12-30T17:12:36.018Z"}}, {"model": "api.product", "pk": 13, "fields": {"name": "Толстовка с капюшоном Nike Sportswear", "slug": "nike-sportswear-hoodie", "description": "Теплая толстовка с капюшоном Nike Sportswear из мягкого флиса. Удобный крой, карман-кенгуру. Идеальна для тренировок на улице и повседневной носки.", "price": "69.99", "image_url": "https://images.unsplash.com/photo-1556821840-3a63f95609a7?w=500", "category": 2, "in_stock": true, "created_at": "2025-12-30T17:12:36.031Z", "updated_at": "2025-12-30T17:12:36.031Z"}}, {"model": "api.product", "pk": 14, "fields": {"name": "Мяч футбольный Adidas Tiro", "slug": "adidas-tiro-football", "description": "Профессиональный футбольный мяч Adidas Tiro для тренировок и игр. Качественная кожа, отличный отскок и контроль. Соответствует стандартам FIFA.", "price": "24.99", "image_url": "https://images.unsplash.com/photo-1431324155629-1a6deb1dec8d?w=500", "category": 3, "in_stock": true, "created_at": "2025-12-30T17:12:36.052Z", "updated_at": "2025-12-30T17:12:36.052Z"}}, {"model": "api.product", "pk": 15, "fields": {"name": "Спортивные носки Nike Dri-FIT", "slug": "nike-dri-fit-socks", "description": "Комплект спортивных носков Nike Dri-FIT (3 пары) с технологией отвода влаги. Анатомическая форма, усиленные зоны. Идеальны для бега и тренировок.", "price": "19.99", "image_url": "https://images.unsplash.com/photo-1586350977772-b3b4e4e7d3c7?w=500", "category": 4, "in_stock": true, "created_at": "2025-12-30T17:12:36.136Z", "updated_at": "2025-12-30T17:12:36.136Z"}}, {"model": "api.productspecification", "pk": 1, "fields": {"product": 1, "name": "Бренд", "value": "Nike"}}, {"model": "api.productspecification", "pk": 2, "fields": {"product": 1, "name": "Размеры", "value": "38-45"}}, {"model": "api.productspecification", "pk": 3, "fields": {"product": 1, "name": "Материал верха", "value": "Синтетическая кожа"}}, {"model": "api.productspecification", "pk": 4, "fields": {"product": 1, "name": "Материал подошвы", "value": "Резина"}}, {"model": "api.productspecification", "pk": 5, "fields": {"product": 1, "name": "Вес", "value": "320 г"}}, {"model": "api.productspecification", "pk": 6, "fields": {"product": 2, "name": "Бренд", "value": "Adidas"}}, {"model": "api.productspecification", "pk": 7, "fields": {"product": 2, "name": "Размеры", "value": "38-46"}}, {"model": "api.productspecification", "pk": 8, "fields": {"product": 2, "name": "Материал верха", "value": "Primeknit"}}, {"model": "api.productspecification", "pk": 9, "fields": {"product": 2, "name": "Технология", "value": "Boost"}}, {"model": "api.productspecification", "pk": 10, "fields": {"product": 2, "name": "Вес", "value": "310 г"}}, {"model": "api.productspecification", "pk": 11, "fields": {"product": 3, "name": "Бренд", "value": "Nike"}}, {"model": "api.productspecification", "pk": 12, "fields": {"product": 3, "name": "Размеры", "value": "S, M, L, XL, XXL"}}, {"model": "api.productspecification", "pk": 13, "fields": {"product": 3, "name": "Материал", "value": "Полиэстер"}}, {"model": "api.productspecification", "pk": 14, "fields": {"product": 3, "name": "Технология", "value": "Dri-FIT"}}, {"model": "api.productspecification", "pk": 15, "fields": {"product": 3, "name": "Состав", "value": "100% полиэстер"}}, {"model": "api.productspecification", "pk": 16, "fields": {"product": 4, "name": "Бренд", "value": "Adidas"}}, {"model": "api.productspecification", "pk": 17, "fields": {"product": 4, "name": "Размеры", "value": "S, M, L, XL"}}, {"model": "api.productspecification", "pk": 18, "fields": {"product": 4, "name": "Материал", "value": "Полиэстер"}}, {"model": "api.productspecification", "pk": 19, "fields": {"product": 4, "name": "Технология", "value": "Climalite"}}, {"model": "api.productspecification", "pk": 20, "fields": {"product": 5, "name": "Бренд", "value": "Puma"}}, {"model": "api.productspecification", "pk": 21, "fields": {"product": 5, "name": "Размеры", "value": "S, M, L, XL"}}, {"model": "api.productspecification", "pk": 22, "fields": {"product": 5, "name": "Материал", "value": "Полиэстер"}}, {"model": "api.productspecification", "pk": 23, "fields": {"product": 5, "name": "Длина", "value": "Средняя"}}, {"model": "api.productspecification", "pk": 24, "fields": {"product": 6, "name": "Вес", "value": "2x20 кг"}}, {"model": "api.productspecification", "pk": 25, "fields": {"product": 6, "name": "Материал", "value": "Чугун, хром"}}, {"model": "api.productspecification", "pk": 26, "fields": {"product": 6, "name": "Покрытие", "value": "Резина"}}, {"model": "api.productspecification", "pk": 27, "fields": {"product": 6, "name": "Тип", "value": "Разборные"}}, {"model": "api.productspecification", "pk": 28, "fields": {"product": 7, "name": "Толщина", "value": "10 мм"}}, {"model": "api.productspecification", "pk": 29, "fields": {"product": 7, "name": "Размер", "value": "180x60 см"}}, {"model": "api.productspecification", "pk": 30, "fields": {"product": 7, "name": "Материал", "value": "TPE"}}, {"model": "api.productspecification", "pk": 31, "fields": {"product": 7, "name": "Покрытие", "value": "Антискользящее"}}, {"model": "api.productspecification", "pk": 32, "fields": {"product": 8, "name": "Длина", "value": "Регулируемая"}}, {"model": "api.productspecification", "pk": 33, "fields": {"product": 8, "name": "Материал троса", "value": "Сталь"}}, {"model": "api.productspecification", "pk": 34, "fields": {"product": 8, "name": "Рукоятки", "value": "Пластик"}}, {"model": "api.productspecification", "pk": 35, "fields": {"product": 8, "name": "Подшипники", "value": "Да"}}, {"model": "api.productspecification", "pk": 36, "fields": {"product": 9, "name": "Бренд", "value": "Nike"}}, {"model": "api.productspecification", "pk": 37, "fields": {"product": 9, "name": "Объем", "value": "30 л"}}, {"model": "api.productspecification", "pk": 38, "fields": {"product": 9, "name": "Материал", "value": "Полиэстер"}}, {"model": "api.productspecification", "pk": 39, "fields": {"product": 9, "name": "Отделения", "value": "2 основных + карманы"}}, {"model": "api.productspecification", "pk": 40, "fields": {"product": 10, "name": "Объем", "value": "750 мл"}}, {"model": "api.productspecification", "pk": 41, "fields": {"product": 10, "name": "Материал", "value": "Тритан"}}, {"model": "api.productspecification", "pk": 42, "fields": {"product": 10, "name": "Крышка", "value": "Спортивная"}}, {"model": "api.productspecification", "pk": 43, "fields": {"product": 10, "name": "Безопасность", "value": "BPA-free"}}, {"model": "api.productspecification", "pk": 44, "fields": {"product": 11, "name": "Бренд", "value": "Xiaomi"}}, {"model": "api.productspecification", "pk": 45, "fields": {"product": 11, "name": "Дисплей", "value": "1.62\" AMOLED"}}, {"model": "api.productspecification", "pk": 46, "fields": {"product": 11, "name": "Водозащита", "value": "5 ATM"}}, {"model": "api.productspecification", "pk": 47, "fields": {"product": 11, "name": "Батарея", "value": "До 14 дней"}}, {"model": "api.productspecification", "pk": 48, "fields": {"product": 12, "name": "Бренд", "value": "New Balance"}}, {"model": "api.productspecification", "pk": 49, "fields": {"product": 12, "name": "Размеры", "value": "38-45"}}, {"model": "api.productspecification", "pk": 50, "fields": {"product": 12, "name": "Материал", "value": "Кожа, текстиль"}}, {"model": "api.productspecification", "pk": 51, "fields": {"product": 12, "name": "Подошва", "value": "Энкаустическая"}}, {"model": "api.productspecification", "pk": 52, "fields": {"product": 13, "name": "Бренд", "value": "Nike"}}, {"model": "api.productspecification", "pk": 53, "fields": {"product": 13, "name": "Размеры", "value": "S, M, L, XL, XXL"}}, {"model": "api.productspecification", "pk": 54, "fields": {"product": 13, "name": "Материал", "value": "Флис"}}, {"model": "api.productspecification", "pk": 55, "fields": {"product": 13, "name": "Капюшон", "value": "Да"}}, {"model": "api.productspecification", "pk": 56, "fields": {"product": 14, "name": "Бренд", "value": "Adidas"}}, {"model": "api.productspecification", "pk": 57, "fields": {"product": 14, "name": "Размер", "value": "5 (стандарт)"}}, {"model": "api.productspecification", "pk": 58, "fields": {"product": 14, "name": "Материал", "value": "Синтетическая кожа"}}, {"model": "api.productspecification", "pk": 59, "fields": {"product": 14, "name": "Вес", "value": "410-450 г"}}, {"model": "api.productspecification", "pk": 60, "fields": {"product": 15, "name": "Бренд", "value": "Nike"}}, {"model": "api.productspecification", "pk": 61, "fields": {"product": 15, "name": "Количество", "value": "3 пары"}}, {"model": "api.productspecification", "pk": 62, "fields": {"product": 15, "name": "Материал", "value": "Полиэстер, эластан"}}, {"model": "api.productspecification", "pk": 63, "fields": {"product": 15, "name": "Технология", "value": "Dri-FIT"}}]
